anime_id,anime_name,recommendation_count
1,Cowboy Bebop,5084
5,Cowboy Bebop: Tengoku no Tobira,2307
6,Trigun,3953
7,Witch Hunter Robin,5
15,Eyeshield 21,11
16,Hachimitsu to Clover,119
19,Monster,232
20,Naruto,5648
22,Prince of Tennis,19
24,School Rumble,1222
27,Trinity Blood,151
30,Neon Genesis Evangelion,1744
31,Neon Genesis Evangelion: Death &amp; Rebirth,1315
32,Neon Genesis Evangelion: The End of Evangelion,2760
33,Berserk,1203
43,Ghost in the Shell,2167
44,Rurouni Kenshin: Meiji Kenkaku Romantan - Tsuioku-hen,704
45,Rurouni Kenshin: Meiji Kenkaku Romantan,2287
47,Akira,2856
48,.hack//Sign,39
49,Aa! Megami-sama!,2
50,Aa! Megami-sama! (TV),155
52,Kidou Tenshi Angelic Layer,1
53,Ai Yori Aoshi,52
54,Appleseed (Movie),19
57,Beck,442
59,Chobits,2580
60,Chrno Crusade,311
61,D.N.Angel,307
62,D.C.: Da Capo,2
63,DearS,161
64,Rozen Maiden,192
65,Rozen Maiden: Träumend,41
66,Azumanga Daioh,778
67,Basilisk: Kouga Ninpou Chou,8
68,Black Cat,191
71,Full Metal Panic!,1821
72,Full Metal Panic? Fumoffu,1774
73,Full Metal Panic! The Second Raid,1433
76,Mahou Shoujo Lyrical Nanoha,9
77,Mahou Shoujo Lyrical Nanoha A&#039;s,9
79,Shuffle!,530
80,Mobile Suit Gundam,21
81,Mobile Suit Gundam: The 08th MS Team,52
85,Mobile Suit Zeta Gundam,2
90,Mobile Suit Gundam Wing,383
91,Mobile Suit Gundam Wing: Endless Waltz,1
93,Mobile Suit Gundam Seed,474
94,Mobile Suit Gundam Seed Destiny,218
96,Mobile Fighter G Gundam,6
97,Last Exile,67
98,Mai-HiME,44
99,Mai-Otome,1
101,Air,1413
102,Aishiteruze Baby★★,4
114,Sakigake!! Cromartie Koukou,2
120,Fruits Basket,4511
121,Fullmetal Alchemist,5428
123,Fushigi Yuugi,4
132,GetBackers,3
133,Green Green,133
134,Gunslinger Girl,44
135,Hikaru no Go,3
136,Hunter x Hunter,723
137,Hunter x Hunter OVA,86
138,Hunter x Hunter: Greed Island,136
139,Hunter x Hunter: Greed Island Final,131
145,Kareshi Kanojo no Jijou,8
147,Kimi ga Nozomu Eien,89
149,Loveless,893
150,Blood+,653
154,Shaman King,370
157,Mahou Sensei Negima!,16
164,Mononoke Hime,5168
165,RahXephon,6
166,Samurai 7,11
168,s.CRY.ed,2
169,Shingetsutan Tsukihime,46
170,Slam Dunk,46
174,Tenjou Tenge,93
177,Tsubasa Chronicle,383
180,Vandread,9
181,Vandread: The Second Stage,6
182,Tenkuu no Escaflowne,90
185,Initial D First Stage,18
186,Initial D Second Stage,5
187,Initial D Third Stage,2
189,Love Hina,765
190,Love Hina Again,196
191,Love Hina Christmas Special: Silent Eve,91
192,Love Hina Haru Special: Kimi Sakura Chiru Nakare!!,55
193,Maburaho,35
194,Macross Zero,1
195,Onegai☆Teacher,375
196,Onegai☆Twins,121
199,Sen to Chihiro no Kamikakushi,3414
202,Wolf&#039;s Rain,318
205,Samurai Champloo,5356
208,R.O.D OVA,15
209,R.O.D the TV,1
210,Ranma ½,4
223,Dragon Ball,3822
225,Dragon Ball GT,2661
226,Elfen Lied,8901
227,FLCL,4792
228,Jigoku Shoujo,177
232,Cardcaptor Sakura,2125
237,Eureka Seven,1056
239,Gankutsuou,5
240,Genshiken,89
241,Girls Bravo: First Season,80
243,Gravitation,784
245,Great Teacher Onizuka,2171
248,Ichigo 100%,31
249,InuYasha,2570
251,Kyou kara Maou!,1
256,Hoshi no Koe,109
257,Ikkitousen,16
263,Hajime no Ippo,845
264,Hajime no Ippo: Champion Road,209
265,Hajime no Ippo: Mashiba vs. Kimura,104
267,Gungrave,44
268,Golden Boy,274
269,Bleach,3699
270,Hellsing,4263
272,Noir,1
288,Bakuten Shoot Beyblade,9
304,Aa! Megami-sama! Movie,2
317,Final Fantasy VII: Advent Children,1792
322,Paradise Kiss,233
323,Mousou Dairinin,164
325,Peach Girl,4
329,Planetes,15
330,Midori no Hibi,88
339,Serial Experiments Lain,740
355,Shakugan no Shana,2073
356,Fate/stay night,2911
357,Bokusatsu Tenshi Dokuro-chan,172
371,Cardcaptor Sakura Movie 1,368
372,Cardcaptor Sakura Movie 2: Fuuin Sareta Card,593
376,Elfen Lied Special,1029
379,Heppoko Jikken Animation Excel♥Saga,11
384,Gantz,336
387,Haibane Renmei,152
389,Karas,1
390,Suzuka,8
392,Yuu☆Yuu☆Hakusho,1742
393,Escaflowne,2
394,Ai Yori Aoshi: Enishi,5
395,Gantz 2nd Stage,35
400,Seihou Bukyou Outlaw Star,94
401,Rurouni Kenshin: Meiji Kenkaku Romantan - Seisou-hen,20
405,Blood: The Last Vampire,55
408,Final Fantasy VII: Last Order,6
412,Kore ga Watashi no Goshujinsama,6
416,Kurenai no Buta,450
430,Fullmetal Alchemist: The Conqueror of Shamballa,4734
431,Howl no Ugoku Shiro,4480
433,"Kumo no Mukou, Yakusoku no Basho",190
437,Perfect Blue,363
442,Naruto Movie 1: Dai Katsugeki!! Yuki Hime Shinobu Houjou Dattebayo!,1641
443,Onegai☆Teacher: Himitsu na Futari,1
449,InuYasha: Guren no Houraijima,74
450,InuYasha: Kagami no Naka no Mugenjo,170
451,InuYasha: Tenka Hadou no Ken,118
452,InuYasha: Toki wo Koeru Omoi,119
457,Mushishi,997
459,One Piece Movie 1,147
460,One Piece Movie 2: Nejimaki-jima no Daibouken,123
461,One Piece Movie 3: Chinjuu-jima no Chopper Oukoku,106
462,One Piece Movie 4: Dead End no Bouken,169
463,One Piece Movie 5: Norowareta Seiken,120
464,One Piece Movie 6: Omatsuri Danshaku to Himitsu no Shima,160
465,One Piece Movie 7: Karakuri-jou no Mecha Kyohei,120
466,One Piece: Taose! Kaizoku Ganzack,9
467,Ghost in the Shell: Stand Alone Complex,1453
468,Ghost in the Shell 2: Innocence,388
469,Karin,87
477,Aria The Animation,4
481,Yu☆Gi☆Oh! Duel Monsters,853
482,Yu☆Gi☆Oh!: Duel Monsters GX,14
486,Kino no Tabi: The Beautiful World,45
487,Girls Bravo: Second Season,30
488,Ichigo Mashimaro,2
502,Dragon Ball Movie 1: Shen Long no Densetsu,232
507,Gravitation: Lyrics of Love,13
512,Majo no Takkyuubin,3214
513,Tenkuu no Shiro Laputa,3118
514,Cossette no Shouzou,1
517,School Rumble Ichi Gakki Hoshuu,1
522,Metropolis,2
523,Tonari no Totoro,4537
527,Pokemon,1697
528,Pokemon: Mewtwo no Gyakushuu,756
529,Saishuu Heiki Kanojo,1
530,Bishoujo Senshi Sailor Moon,1124
531,Bishoujo Senshi Sailor Moon R: The Movie,151
532,Bishoujo Senshi Sailor Moon S,608
534,Slayers,88
535,Slayers Next,16
543,Vampire Hunter D (2000),206
550,Yu☆Gi☆Oh!,105
552,Digimon Adventure,2350
553,Yami no Matsuei,5
558,Major S2,30
565,Steamboy,3
570,Jin-Rou,17
572,Kaze no Tani no Nausicaä,2715
578,Hotaru no Haka,2643
584,Noein: Mou Hitori no Kimi e,1
585,Mimi wo Sumaseba,918
587,Hanbun no Tsuki ga Noboru Sora,7
591,Amaenaide yo!!,7
594,Naruto: Takigakure no Shitou - Ore ga Eiyuu Dattebayo!,357
597,Neko no Ongaeshi,1163
617,Juubee Ninpuuchou,70
627,Major S1,50
656,Air in Summer,2
710,Rec,16
713,Air Movie,1
719,Ai no Kusabi,1
721,Princess Tutu,1
732,Vampire Hunter D,11
740,Bishoujo Senshi Sailor Moon R,643
741,Sensitive Pornograph,67
746,Papa to Kiss in the Dark,137
747,Haru wo Daite Ita,1
759,Tokyo Godfathers,154
761,Naruto: Akaki Yotsuba no Clover wo Sagase,203
762,Bleach: Memories in the Rain,1000
770,Pale Cocoon,7
777,Hellsing Ultimate,1010
779,Detective Conan Movie 01: The Timed Skyscraper,43
780,Detective Conan Movie 02: The Fourteenth Target,42
781,Detective Conan Movie 03: The Last Wizard of the Century,42
790,Ergo Proxy,1195
793,xxxHOLiC Movie: Manatsu no Yoru no Yume,3
801,Ghost in the Shell: Stand Alone Complex 2nd GIG,533
807,Tsubasa Chronicle: Tori Kago no Kuni no Himegimi,1
813,Dragon Ball Z,3224
834,Bleach: The Sealed Sword Frenzy,812
846,School Rumble Ni Gakki,361
849,Suzumiya Haruhi no Yuuutsu,4117
850,Gakuen Heaven,37
853,Ouran Koukou Host Club,7647
856,Utawarerumono,13
857,Air Gear,621
859,Digimon Savers,1
861,xxxHOLiC,278
874,Digimon Tamers,775
877,Nana,1346
880,Aa! Megami-sama!: Sorezore no Tsubasa,5
886,Amaenaide yo!! Katsu!!,1
889,Black Lagoon,2007
891,Dragon Ball Movie 2: Majinjou no Nemuri Hime,153
892,Dragon Ball Movie 3: Makafushigi Daibouken,120
893,Dragon Ball Movie 4: Saikyou e no Michi,178
894,Dragon Ball Z Movie 01: Ora no Gohan wo Kaese!!,251
895,Dragon Ball Z Movie 02: Kono Yo de Ichiban Tsuyoi Yatsu,224
896,Dragon Ball Z Movie 03: Chikyuu Marugoto Choukessen,242
897,Dragon Ball Z Movie 04: Super Saiyajin da Son Gokuu,175
898,Dragon Ball Z Movie 05: Tobikkiri no Saikyou tai Saikyou,183
899,Dragon Ball Z Movie 06: Gekitotsu!! 100-oku Power no Senshi-tachi,190
900,Dragon Ball Z Movie 07: Kyokugen Battle!! Sandai Super Saiyajin,201
901,"Dragon Ball Z Movie 08: Moetsukiro!! Nessen, Ressen, Chougekisen",199
902,Dragon Ball Z Movie 09: Ginga Girigiri!! Bucchigiri no Sugoi Yatsu,239
903,Dragon Ball Z Movie 10: Kiken na Futari! Super Senshi wa Nemurenai,231
904,Dragon Ball Z Movie 11: Super Senshi Gekiha!! Katsu no wa Ore da,139
905,Dragon Ball Z Movie 12: Fukkatsu no Fusion!! Gokuu to Vegeta,319
906,Dragon Ball Z Movie 13: Ryuuken Bakuhatsu!! Goku ga Yaraneba Dare ga Yaru,311
907,Princess Princess,4
908,Fullmetal Alchemist: Premium Collection,112
918,Gintama,775
934,Higurashi no Naku Koro ni,2295
936,Naruto Movie 2: Dai Gekitotsu! Maboroshi no Chiteiiseki Dattebayo!,1341
940,Inukami!,6
949,Top wo Nerae! Gunbuster,1
963,"Love Hina: Motoko no Sentaku, Koi ka Ken... &quot;Naku na&quot;",1
969,Tsubasa Chronicle 2nd Season,80
984,Dragon Ball Z: Saiya-jin Zetsumetsu Keikaku,54
985,Dragon Ball Z Special 2: Zetsubou e no Hankou!! Nokosareta Chousenshi - Gohan to Trunks,456
986,Dragon Ball Z Special 1: Tatta Hitori no Saishuu Kessen,475
987,Dragon Ball GT: Goku Gaiden! Yuuki no Akashi wa Suushinchuu,187
996,Bishoujo Senshi Sailor Moon: Sailor Stars,436
997,Bishoujo Senshi Sailor Moon S: Kaguya Hime no Koibito,85
1004,Kanojo to Kanojo no Neko,23
1015,Full Metal Panic! The Second Raid: Wari to Hima na Sentaichou no Ichinichi,171
1030,Heisei Tanuki Gassen Ponpoko,2
1033,Sennen Joyuu,29
1074,Naruto Narutimate Hero 3: Tsuini Gekitotsu! Jounin vs. Genin!! Musabetsu Dairansen taikai Kaisai!!,168
1094,One Piece: Umi no Heso no Daibouken-hen,32
1117,Pokemon: Maboroshi no Pokemon Lugia Bakutan,629
1118,Pokemon: Kesshoutou no Teiou Entei,527
1119,Pokemon: Celebi Toki wo Koeta Deai,426
1120,Pokemon: Mizu no Miyako no Mamorigami Latias to Latios,298
1121,Pokemon Advanced Generation: Nanayo no Negaiboshi Jirachi,216
1122,Pokemon Advanced Generation: Rekkuu no Houmonsha Deoxys,306
1132,Digimon Frontier,304
1138,Medarot,1
1142,Hachimitsu to Clover II,42
1172,Slayers Try,4
1195,Zero no Tsukaima,745
1210,NHK ni Youkoso!,1697
1218,Tonagura!,1
1222,Bokura ga Ita,433
1237,One Piece: Oounabara ni Hirake! Dekkai Dekkai Chichi no Yume!,12
1238,One Piece: Mamore! Saigo no Dai Butai,14
1239,Bishoujo Senshi Sailor Moon SuperS,427
1240,Bishoujo Senshi Sailor Moon SuperS: Sailor 9 Senshi Shuuketsu! Black Dream Hole no Kiseki,61
1250,Erementar Gerad,2
1254,Saint Seiya,95
1292,Afro Samurai,209
1303,The Animatrix,4
1313,Digimon Adventure 02,1324
1361,Final Fantasy: The Spirits Within,14
1363,Detective Conan Movie 04: Captured in Her Eyes,45
1364,Detective Conan Movie 05: Countdown to Heaven,46
1365,Detective Conan Movie 06: The Phantom of Baker Street,47
1366,Detective Conan Movie 07: Crossroad in the Ancient Capital,47
1367,Detective Conan Movie 08: Magician of the Silver Sky,46
1368,Detective Conan OVA 06: Follow the Vanished Diamond! Conan &amp; Heiji vs. Kid!,1
1369,Detective Conan OVA 01: Conan vs. Kid vs. Yaiba,6
1482,D.Gray-man,1606
1498,Black Blood Brothers,8
1505,Detective Conan Movie 09: Strategy Above the Depths,43
1506,Detective Conan Movie 10: Requiem of the Detectives,59
1519,Black Lagoon: The Second Barrage,1897
1525,Pokemon Crystal: Raikou Ikazuchi no Densetsu,1
1526,Pokemon Advanced Generation: Mew to Hadou no Yuusha Lucario,396
1527,Pokemon: Senritsu no Mirage Pokemon,1
1530,Kanon (2006),1971
1532,Suki na Mono wa Suki Dakara Shou ga Nai!!,19
1535,Death Note,2932
1536,Busou Renkin,72
1559,Shijou Saikyou no Deshi Kenichi,333
1562,Yamato Nadeshiko Shichihenge♥,572
1564,Pokemon Advanced Generation,386
1565,Pokemon Diamond &amp; Pearl,42
1566,Ghost in the Shell: Stand Alone Complex - Solid State Society,45
1569,Otome wa Boku ni Koishiteru,1
1571,Ghost Hunt,32
1575,Code Geass: Hangyaku no Lelouch,497
1579,Kiniro no Corda: Primo Passo,121
1594,Jigoku Shoujo Futakomori,6
1604,Katekyo Hitman Reborn!,561
1606,Kekkaishi,1
1669,Bakuten Shoot Beyblade 2002,1
1686,Bleach Movie 1: Memories of Nobody,1092
1689,Byousoku 5 Centimeter,3373
1691,Kaze no Stigma,438
1698,Nodame Cantabile,503
1699,Romeo x Juliet,4
1709,Pokemon: Mewtwo! Ware wa Koko ni Ari,237
1719,Rozen Maiden: Ouvertüre,1
1722,Nagasarete Airantou,6
1723,Clannad Movie,846
1726,Devil May Cry,756
1813,Genshiken OVA,4
1815,Shakugan no Shana Movie,6
1818,Claymore,3112
1827,Seirei no Moribito,19
1829,Gedo Senki,123
1840,Zero no Tsukaima: Futatsuki no Kishi,1096
1842,Major S3,8
1887,Lucky☆Star,3053
1889,Higurashi no Naku Koro ni Kai,2183
1894,Yu☆Gi☆Oh!: Hikari no Pyramid,10
1943,Paprika,982
1953,Code Geass: Hangyaku no Lelouch Picture Drama,73
1965,Sola,21
2001,Tengen Toppa Gurren Lagann,7034
2002,Heroic Age,3
2006,Yu☆Gi☆Oh! (1999),1
2020,One Piece: Nenmatsu Tokubetsu Kikaku! Mugiwara no Luffy Oyabun Torimonochou,29
2025,Darker than Black: Kuro no Keiyakusha,2032
2026,Hayate no Gotoku!,84
2034,Lovely★Complex,3215
2104,Seto no Hanayome,247
2107,One Piece Movie 8: Episode of Alabasta - Sabaku no Oujo to Kaizoku-tachi,148
2129,True Tears,209
2131,Bokusatsu Tenshi Dokuro-chan 2,12
2144,Naruto Movie 3: Dai Koufun! Mikazuki Jima no Animaru Panikku Dattebayo!,1189
2148,Okane ga Nai,39
2154,Tekkon Kinkreet,1
2164,Dennou Coil,4
2167,Clannad,924
2171,Detective Conan Movie 11: Jolly Roger in the Deep Azure,32
2201,Pokemon Advanced Generation: Pokemon Ranger to Umi no Ouji Manaphy,129
2236,Toki wo Kakeru Shoujo,3722
2246,Mononoke,4
2248,Naruto: Dai Katsugeki!! Yuki Hime Shinobu Houjou Dattebayo! Special: Konoha Annual Sports Festival,289
2251,Baccano!,3659
2273,Mobile Suit Gundam Wing: Endless Waltz Movie,71
2385,One Piece: Jango no Dance Carnival,67
2386,One Piece: Yume no Soccer Ou!,91
2397,Digimon Adventure: Bokura no War Game!,28
2398,Digimon Adventure 02: Diablomon no Gyakushuu,11
2403,Kodomo no Jikan (TV),6
2404,Zombie-Loan,14
2418,Stranger: Mukou Hadan,199
2472,Naruto: Shippuuden Movie 1,1652
2476,School Days,1243
2490,One Piece: Mezase! Kaizoku Yakyuu Ou,53
2494,Goshuushou-sama Ninomiya-kun,37
2508,Genshiken 2,9
2514,Detective Conan OVA 04: Conan and Kid and Crystal Mother,1
2520,Dragon Ball Specials,5
2581,Mobile Suit Gundam 00,745
2593,Kara no Kyoukai 1: Fukan Fuukei,56
2605,Sayonara Zetsubou Sensei,513
2680,One Piece: Straw Hat Theater,26
2685,Tsubasa: Tokyo Revelations,52
2759,Evangelion: 1.0 You Are (Not) Alone,2347
2787,Shakugan no Shana II (Second),1514
2847,Pokemon Diamond &amp; Pearl: Dialga vs. Palkia vs. Darkrai,197
2889,Bleach Movie 2: The DiamondDust Rebellion - Mou Hitotsu no Hyourinmaru,1259
2890,Gake no Ue no Ponyo,2337
2899,Higurashi no Naku Koro ni Special: Nekogoroshi-hen,107
2904,Code Geass: Hangyaku no Lelouch R2,2656
2923,Shugo Chara!,223
2924,ef: A Tale of Memories.,659
2926,Myself; Yourself,200
2927,Kimikiss Pure Rouge,3
2952,Final Fantasy VII: Advent Children Complete,1
2961,Digimon Adventure Movie,320
2963,Minami-ke,143
2966,Ookami to Koushinryou,2351
2986,Bamboo Blade,6
2993,Rosario to Vampire,2482
2994,Death Note Rewrite,279
3002,Gyakkyou Burai Kaiji: Ultimate Survivor,27
3087,Cencoroll,1
3089,The Sky Crawlers,1
3091,xxxHOLiC Kei,75
3092,Junjou Romantica,1236
3167,Eve no Jikan,70
3210,Ikoku Irokoi Romantan,60
3225,Minami-ke Okawari,25
3226,Major S4,1
3228,Zoku Sayonara Zetsubou Sensei,40
3229,Kimi ga Aruji de Shitsuji ga Ore de,47
3230,Druaga no Tou: The Aegis of Uruk,4
3299,H2O: Footprints in the Sand,12
3342,Mnemosyne: Mnemosyne no Musume-tachi,9
3358,Kure-nai,4
3375,Kirepapa.,255
3455,To LOVE-Ru,995
3457,Vampire Knight,5266
3467,Nogizaka Haruka no Himitsu,84
3470,Special A,2459
3503,Kanokon,185
3572,Macross F,182
3588,Soul Eater,8162
3652,Higurashi no Naku Koro ni Rei,965
3655,Nabari no Ou,14
3667,Strike Witches,12
3702,Detroit Metal City,133
3712,Zero no Tsukaima: Princesses no Rondo,1332
3731,Itazura na Kiss,1352
3782,Kara no Kyoukai 2: Satsujin Kousatsu (Zen),67
3783,Kara no Kyoukai 3: Tsuukaku Zanryuu,81
3784,Evangelion: 2.0 You Can (Not) Advance,2427
3785,Evangelion: 3.0 You Can (Not) Redo,1325
3848,"One Piece Movie 9: Episode of Chopper Plus - Fuyu ni Saku, Kiseki no Sakura",155
3901,Baccano! Specials,353
3927,Mobile Suit Gundam 00 Second Season,596
3958,Kannagi,71
3974,Tetsuwan Birdy Decode,1
4026,Pokemon Diamond &amp; Pearl: Giratina to Sora no Hanataba Sheimi,116
4059,"Clannad: Mou Hitotsu no Sekai, Tomoyo-hen",3488
4063,Sekirei,933
4081,Natsume Yuujinchou,541
4106,Trigun: Badlands Rumble,2
4107,Tengen Toppa Gurren Lagann Movie: Gurren-hen,66
4134,Naruto Shippuuden: Shippuu! &quot;Konoha Gakuen&quot; Den,85
4155,One Piece Film: Strong World,375
4177,Bounen no Xamdou,8
4181,Clannad: After Story,2383
4182,Darker than Black: Kuro no Keiyakusha Special,422
4186,Chrome Shelled Regios,62
4192,Hayate no Gotoku!!,17
4214,Rosario to Vampire Capu2,1666
4224,Toradora!,7638
4280,Kara no Kyoukai 4: Garan no Dou,143
4282,Kara no Kyoukai 5: Mujun Rasen,313
4382,Suzumiya Haruhi no Yuuutsu (2009),2344
4437,Naruto: Shippuuden Movie 2 - Kizuna,1498
4447,Detective Conan Movie 12: Full Score of Fear,47
4472,Lucky☆Star: Original na Visual to Animation,497
4477,Nodame Cantabile: Paris-hen,103
4550,Hyakko,1
4551,Hakushaku to Yousei,30
4565,Tengen Toppa Gurren Lagann Movie: Lagann-hen,64
4581,Shikabane Hime: Aka,2
4654,Toaru Majutsu no Index,997
4722,Skip Beat!,2037
4725,Ga-Rei: Zero,96
4744,Akaneiro ni Somaru Saka,74
4752,Vampire Knight Guilty,4115
4789,ef: A Tale of Melodies.,80
4792,Pokemon: Pikachu Tankentai,1
4793,Pokemon: Pichu to Pikachu,16
4814,Junjou Romantica 2,1204
4835,Bleach Movie 3: Fade to Black - Kimi no Na wo Yobu,1458
4884,Tales of the Abyss,1
4896,Umineko no Naku Koro ni,421
4898,Kuroshitsuji,4862
4901,Black Lagoon: Roberta&#039;s Blood Trail,378
4918,xxxHOLiC Shunmuki,2
4938,Tsubasa: Shunraiki,3
4970,Afro Samurai: Resurrection,1
4975,ChäoS;HEAd,140
4999,Asu no Yoichi!,145
5028,Major S5,1
5030,Maria†Holic,44
5040,One Outs,86
5060,Hetalia Axis Powers,300
5079,Kurokami The Animation,1
5081,Bakemonogatari,677
5112,Akikan!,3
5114,Fullmetal Alchemist: Brotherhood,5491
5118,Suzumiya Haruhi-chan no Yuuutsu,17
5152,Dragon Ball: Ossu! Kaettekita Son Gokuu to Nakama-tachi!!,98
5162,Minami-ke Okaeri,12
5177,Denpa-teki na Kanojo,12
5204,Kara no Kyoukai 6: Boukyaku Rokuon,440
5205,Kara no Kyoukai 7: Satsujin Kousatsu (Kou),717
5252,One Piece: Romance Dawn Story,48
5258,Hajime no Ippo: New Challenger,527
5262,Shugo Chara!! Doki,3
5277,Sekirei: Pure Engagement,384
5300,Zoku Natsume Yuujinchou,409
5341,Ookami to Koushinryou II,1488
5342,Asura Cryin&#039;,1
5355,Sengoku Basara,4
5356,Canaan,46
5460,Detective Conan Movie 13: The Raven Chaser,75
5507,Senjou no Valkyria,1
5525,07-Ghost,110
5526,Pokemon: Pikachu no Natsuyasumi,8
5530,Pandora Hearts,610
5593,Dogs: Bullets &amp; Carnage,1
5630,Higashi no Eden,1685
5667,To LOVE-Ru OVA,52
5671,Saki,1
5678,Kobato.,2
5680,K-On!,2806
5681,Summer Wars,1689
5682,Phantom: Requiem for the Phantom,113
5690,Nodame Cantabile Finale,44
5764,Zero no Tsukaima: Princesses no Rondo - Yuuwaku no Sunahama,142
5774,Seitokaichou ni Chuukoku,11
5781,Isekai no Seikishi Monogatari,1
5909,Seitokai no Ichizon,69
5940,Seiken no Blacksmith,7
5958,Sora no Otoshimono,1384
6007,Ookami to Koushinryou II: Ookami to Kohakuiro no Yuuutsu,130
6033,Dragon Ball Kai,513
6045,Kimi ni Todoke,3043
6114,Rainbow: Nisha Rokubou no Shichinin,16
6115,Lupin III vs. Detective Conan,16
6166,Asobi ni Iku yo!,14
6178,Pokemon Diamond &amp; Pearl: Arceus Choukoku no Jikuu e,67
6201,Princess Lover!,125
6205,Kämpfer,178
6211,Tokyo Magnitude 8.0,27
6213,Toaru Kagaku no Railgun,691
6288,Mobile Suit Gundam 00 The Movie: A Wakening of the Trailblazer,82
6324,Omamori Himari,154
6325,Naruto: Shippuuden Movie 3 - Hi no Ishi wo Tsugu Mono,1200
6347,Baka to Test to Shoukanjuu,2329
6351,"Clannad: After Story - Mou Hitotsu no Sekai, Kyou-hen",2794
6372,Higashi no Eden Movie I: The King of Eden,127
6377,Zan Sayonara Zetsubou Sensei,2
6381,Strike Witches 2,1
6421,Fullmetal Alchemist: Brotherhood Specials,154
6438,Detective Conan OVA 09: The Stranger in 10 Years...,11
6467,Detective Conan Movie 14: The Lost Ship in the Sky,69
6500,Seikon no Qwaser,1
6512,Nyan Koi!,193
6547,Angel Beats!,7900
6572,Shakugan no Shana S,5
6573,Darker than Black: Ryuusei no Gemini,1796
6594,Katanagatari,268
6624,Kara no Kyoukai Remix: Gate of Seventh Heaven,15
6637,Higashi no Eden Movie II: Paradise Lost,36
6675,Redline,115
6676,Asura Cryin&#039; 2,1
6682,11eyes,18
6702,Fairy Tail,4782
6707,Kuroshitsuji II,3026
6746,Durarara!!,6505
6747,Dance in the Vampire Bund,41
6772,Break Blade 1: Kakusei no Toki,57
6773,Shakugan no Shana III (Final),272
6793,Kuroshitsuji Special,21
6802,So Ra No Wo To,5
6811,InuYasha: Kanketsu-hen,286
6862,K-On!: Live House!,239
6880,Deadman Wonderland,5048
6895,Hakuouki,6
6922,Fate/stay night Movie: Unlimited Blade Works,329
6954,Kara no Kyoukai: Shuushou,125
6956,Working!!,316
7054,Kaichou wa Maid-sama!,4326
7058,Uragiri wa Boku no Namae wo Shitteiru,10
7059,Black★Rock Shooter (OVA),243
7088,Ichiban Ushiro no Daimaou,685
7148,Ladies versus Butlers!,60
7311,Suzumiya Haruhi no Shoushitsu,3287
7338,Darker than Black: Kuro no Keiyakusha Gaiden,1122
7367,Naruto: The Cross Roads,13
7465,Eve no Jikan (Movie),4
7472,Gintama Movie: Shinyaku Benizakura-hen,80
7590,Mayoi Neko Overrun!,4
7592,Nurarihyon no Mago,49
7593,Kiss x Sis (TV),868
7627,Mitsudomoe,3
7647,Arakawa Under the Bridge,150
7662,Shinrei Tantei Yakumo,6
7674,Bakuman.,1580
7695,Pokemon Diamond &amp; Pearl: Genei no Hasha Zoroark,20
7711,Karigurashi no Arrietty,707
7724,Shiki,1193
7769,Ookami-san to Shichinin no Nakama-tachi,76
7785,Yojouhan Shinwa Taikei,9
7791,K-On!!,2169
7817,B Gata H Kei,327
7858,Sora no Otoshimono: Project Pink,18
8063,Sekaiichi Hatsukoi OVA,287
8074,Highschool of the Dead,7126
8086,Densetsu no Yuusha no Densetsu,68
8129,Kuragehime,31
8171,One Piece Recap,1
8246,Naruto: Shippuuden Movie 4 - The Lost Tower,1043
8247,Bleach Movie 4: Jigoku-hen,1203
8277,Hyakka Ryouran: Samurai Girls,24
8407,Sora no Otoshimono: Forte,845
8408,Durarara!! Specials,219
8424,MM!,172
8425,Gosick,316
8460,Mirai Nikki,17
8514,Break Blade 2: Ketsubetsu no Michi,39
8516,Baka to Test to Shoukanjuu Ni!,962
8525,Kami nomi zo Shiru Sekai,1280
8536,Fortune Arterial: Akai Yakusoku,9
8557,Shinryaku! Ika Musume,51
8630,Hidan no Aria,194
8634,Koisuru Boukun,255
8675,Seitokai Yakuindomo,411
8676,Amagami SS,130
8740,One Piece Film: Strong World Episode 0,158
8768,Hiyokoi,1
8769,Ore no Imouto ga Konnani Kawaii Wake ga Nai,1753
8795,Panty &amp; Stocking with Garterbelt,257
8841,Kore wa Zombie Desu ka?,1554
8861,"Yosuga no Sora: In Solitude, Where We Are Least Alone.",90
8888,Code Geass: Boukoku no Akito 1 - Yokuryuu wa Maiorita,203
8937,Toaru Majutsu no Index II,515
9041,IS: Infinite Stratos,796
9062,Angel Beats! Specials,13
9074,Arakawa Under the Bridge x Bridge,8
9135,Fullmetal Alchemist: The Sacred Star of Milos,402
9136,Kuroshitsuji II Specials,16
9181,Motto To LOVE-Ru,385
9252,Break Blade 3: Kyoujin no Ato,25
9253,Steins;Gate,6053
9260,Kizumonogatari I: Tekketsu-hen,1
9289,Hanasaku Iroha,102
9330,Dragon Crisis!,49
9331,Yumekui Merry,7
9366,Kaichou wa Maid-sama!: Omake dayo!,2
9367,Freezing,317
9379,Denpa Onna to Seishun Otoko,99
9465,Break Blade 4: Sanka no Chi,21
9471,Baka to Test to Shoukanjuu: Matsuri,32
9513,Beelzebub,198
9515,Highschool of the Dead: Drifters of the Dead,222
9587,Oniichan no Koto nanka Zenzen Suki ja Nai n da kara ne!!,1
9617,K-On! Movie,794
9656,Kimi ni Todoke 2nd Season,1879
9724,Break Blade 5: Shisen no Hate,13
9734,K-On!!: Keikaku!,37
9736,Astarotte no Omocha!,6
9756,Mahou Shoujo Madoka★Magica,5752
9760,Hoshi wo Ou Kodomo,16
9776,A-Channel,1
9790,Sora no Otoshimono: Tokeijikake no Angeloid,31
9863,SKET Dance,1
9919,Ao no Exorcist,7978
9926,Sekaiichi Hatsukoi,1185
9936,Maken-Ki!,17
9941,Tiger &amp; Bunny,5
9963,Detective Conan Movie 15: Quarter of Silence,57
9969,Gintama&#039;,369
9982,Fairy Tail OVA,65
9989,Ano Hi Mita Hana no Namae wo Bokutachi wa Mada Shiranai.,6665
9999,One Piece 3D: Mugiwara Chase,38
10012,Carnival Phantasm,59
10017,Dragon Ball: Super Saiya-jin Zetsumetsu Keikaku,8
10020,Ore no Imouto ga Konnani Kawaii Wake ga Nai Specials,150
10029,Coquelicot-zaka kara,11
10030,Bakuman. 2nd Season,999
10049,Nurarihyon no Mago: Sennen Makyou,12
10067,Angel Beats!: Another Epilogue,496
10075,Naruto x UT,21
10079,Hoshizora e Kakaru Hashi,20
10080,Kami nomi zo Shiru Sekai II,994
10087,Fate/Zero,933
10092,Break Blade 6: Doukoku no Toride,9
10110,Mayo Chiki!,432
10119,Seitokai Yakuindomo OVA,1
10155,Dog Days,12
10161,No.6,1182
10162,Usagi Drop,528
10163,C: The Money of Soul and Possibility Control,139
10165,Nichijou,493
10209,Kore wa Zombie Desu ka? OVA,28
10213,Maji de Watashi ni Koi Shinasai!,40
10218,Berserk: Ougon Jidai-hen I - Haou no Tamago,15
10278,The iDOLM@STER,9
10321,Uta no☆Prince-sama♪ Maji Love 1000%,230
10357,Jinrui wa Suitai Shimashita,6
10378,Shinryaku!? Ika Musume,1
10379,Natsume Yuujinchou San,314
10396,Ben-To,67
10397,Mashiro-iro Symphony: The Color of Lovers,17
10408,Hotarubi no Mori e,841
10418,Deadman Wonderland OVA,6
10456,Kyoukaisenjou no Horizon,8
10460,Kimi to Boku.,1
10490,Blood-C,2
10491,Higurashi no Naku Koro ni Kira,6
10495,Yuru Yuri,216
10521,Working&#039;!!,140
10568,Kamisama no Memochou,41
10578,C³,16
10588,Persona 4 the Animation,8
10589,Naruto: Shippuuden Movie 5 - Blood Prison,690
10620,Mirai Nikki (TV),8722
10638,Denpa Onna to Seishun Otoko Special,1
10659,Naruto Soyokazeden Movie: Naruto to Mashin to Mitsu no Onegai Dattebayo!!,25
10686,Naruto: Honoo no Chuunin Shiken! Naruto vs. Konohamaru!!,63
10719,Boku wa Tomodachi ga Sukunai,1481
10721,Mawaru Penguindrum,52
10790,Kore wa Zombie Desu ka? of the Dead,664
10793,Guilty Crown,3642
10794,IS: Infinite Stratos Encore - Koi ni Kogareru Rokujuusou,5
10800,Chihayafuru,145
10805,Kami nomi zo Shiru Sekai: 4-nin to Idol,23
10863,Steins;Gate: Oukoubakko no Poriomania,2154
10897,Boku wa Tomodachi ga Sukunai Episode 0,17
11013,Inu x Boku SS,676
11061,Hunter x Hunter (2011),2872
11111,Another,6678
11113,Usagi Drop Specials,1
11123,Sekaiichi Hatsukoi 2,1017
11179,Papa no Iukoto wo Kikinasai!,63
11235,Amagami SS+ Plus,10
11241,Brave 10,2
11266,Ao no Exorcist: Kuro no Iede,5
11285,Black★Rock Shooter (TV),213
11319,Zero no Tsukaima F,1464
11359,Dragon Ball Kai: Mirai ni Heiwa wo! Goku no Tamashii yo Eien ni,4
11433,Ano Natsu de Matteru,175
11499,Sankarea,399
11553,Toradora!: Bentou no Gokui,26
11577,Steins;Gate Movie: Fuka Ryouiki no Déjà vu,1790
11597,Nisemonogatari,896
11617,High School DxD,2382
11633,Blood Lad,403
11665,Natsume Yuujinchou Shi,245
11701,Another: The Other - Inga,36
11703,Code:Breaker,14
11737,Ao no Exorcist Movie,27
11741,Fate/Zero 2nd Season,1489
11743,Toaru Majutsu no Index: Endymion no Kiseki,4
11757,Sword Art Online,6166
11759,Accel World,1530
11761,Medaka Box,7
11771,Kuroko no Basket,1499
11783,Dog Days&#039;,1
11785,Haiyore! Nyaruko-san,65
11843,Danshi Koukousei no Nichijou,864
11887,Kokoro Connect,1239
11933,Oda Nobuna no Yabou,127
11977,Mahou Shoujo Madoka★Magica Movie 1: Hajimari no Monogatari,30
11979,Mahou Shoujo Madoka★Magica Movie 2: Eien no Monogatari,20
11981,Mahou Shoujo Madoka★Magica Movie 3: Hangyaku no Monogatari,364
12049,Fairy Tail Movie 1: Houou no Miko,76
12113,Berserk: Ougon Jidai-hen II - Doldrey Kouryaku,6
12115,Berserk: Ougon Jidai-hen III - Kourin,3
12117,Detective Conan Movie 16: The Eleventh Striker,30
12175,Koi to Senkyo to Chocolate,11
12187,Carnival Phantasm EX Season,1
12189,Hyouka,1572
12231,Dragon Ball: Episode of Bardock,43
12291,Acchi Kocchi (TV),29
12293,Campione!: Matsurowanu Kamigami to Kamigoroshi no Maou,227
12355,Ookami Kodomo no Ame to Yuki,1410
12365,Bakuman. 3rd Season,767
12403,Yuru Yuri♪♪,103
12413,Jormungand,56
12445,Tasogare Otome x Amnesia,145
12467,Nazo no Kanojo X,2
12477,Sakasama no Patema,5
12531,Sakamichi no Apollon,157
12549,"Dakara Boku wa, H ga Dekinai.",259
12565,Fate/Prototype,11
12685,Code Geass: Nunnally in Wonderland,60
12711,Uta no☆Prince-sama♪ Maji Love 2000%,4
12729,High School DxD OVA,6
12859,One Piece Film: Z,361
12967,Arcana Famiglia,2
13055,Sankarea OVA,3
13125,Shinsekai yori,487
13161,Hagure Yuusha no Aesthetica,182
13331,Jormungand: Perfect Order,9
13333,Tari Tari,2
13357,High School DxD Specials,21
13367,"Kono Naka ni Hitori, Imouto ga Iru!",24
13411,Guilty Crown: Lost Christmas,1
13469,Hyouka: Motsubeki Mono wa,8
13535,Binbougami ga!,39
13599,Robotics;Notes,7
13601,Psycho-Pass,4420
13655,Little Busters!,38
13659,Ore no Imouto ga Konnani Kawaii Wake ga Nai.,777
13663,To LOVE-Ru Darkness,287
13667,Naruto: Shippuuden Movie 6 - Road to Ninja,670
13759,Sakurasou no Pet na Kanojo,2604
13939,Accel World EX,3
14027,Boku wa Tomodachi ga Sukunai: Relay Shousetsu wa Ketsumatsu ga Hanpanai,17
14075,Zetsuen no Tempest,552
14131,Girls und Panzer,24
14189,Tasogare Otome x Amnesia: Taima Otome,1
14199,Oniichan dakedo Ai Sae Areba Kankeinai yo ne!,22
14227,Tonari no Kaibutsu-kun,2639
14289,Sukitte Ii na yo.,1608
14345,Btooom!,1991
14349,Little Witch Academia,86
14353,Death Billiards,28
14397,Chihayafuru 2,35
14467,K,1037
14513,Magi: The Labyrinth of Magic,1719
14527,Medaka Box Abnormal,1
14713,Kamisama Hajimemashita,1029
14719,JoJo no Kimyou na Bouken (TV),512
14735,Detective Conan Movie 17: Private Eye in the Distant Sea,5
14741,Chuunibyou demo Koi ga Shitai!,2602
14749,Ore no Kanojo to Osananajimi ga Shuraba Sugiru,160
14807,Kara no Kyoukai: Mirai Fukuin,42
14811,GJ-bu,8
14813,Yahari Ore no Seishun Love Comedy wa Machigatteiru.,1627
14829,Fate/kaleid liner Prisma☆Illya,32
14833,Maoyuu Maou Yuusha,119
14837,Dragon Ball Z Movie 14: Kami to Kami,368
14967,Boku wa Tomodachi ga Sukunai Next,1053
15037,Corpse Party: Tortured Souls - Bougyakusareta Tamashii no Jukyou,5
15039,Ano Hi Mita Hana no Namae wo Bokutachi wa Mada Shiranai. Movie,4
15051,Love Live! School Idol Project,107
15085,Amnesia,42
15117,Kami nomi zo Shiru Sekai: Tenri-hen,58
15197,Code Geass: Boukoku no Akito 2 - Hikisakareshi Yokuryuu,89
15225,Hentai Ouji to Warawanai Neko.,536
15315,Mondaiji-tachi ga Isekai kara Kuru Sou Desu yo?,528
15323,One Piece: Episode of Nami - Koukaishi no Namida to Nakama no Kizuna,21
15335,Gintama Movie: Kanketsu-hen - Yorozuya yo Eien Nare,198
15379,Kotoura-san,20
15417,Gintama&#039;: Enchousen,235
15437,Kore wa Zombie Desu ka? of the Dead OVA,10
15451,High School DxD New,1317
15583,Date A Live,1228
15605,Brothers Conflict,2
15613,Hakkenden: Touhou Hakken Ibun,1
15687,Chuunibyou demo Koi ga Shitai! Lite,8
15689,Nekomonogatari: Kuro,1065
15699,Haiyore! Nyaruko-san W,9
15809,Hataraku Maou-sama!,2313
15911,Yuyushiki,2
16001,Kokoro Connect: Michi Random,163
16009,Kamisama no Inai Nichiyoubi,13
16011,Tokyo Ravens,160
16035,Karneval (TV),38
16049,Toaru Kagaku no Railgun S,121
16067,Nagi no Asukara,347
16239,One Piece: Episode of Luffy - Hand Island no Bouken,16
16353,Love Lab,12
16417,Tamako Market,23
16444,Mondaiji-tachi ga Isekai kara Kuru Sou Desu yo?: Onsen Manyuuki,1
16468,One Piece: Glorious Island,1
16498,Shingeki no Kyojin,9505
16512,Devil Survivor 2 The Animation,3
16524,Suisei no Gargantia,238
16592,Danganronpa: Kibou no Gakuen to Zetsubou no Koukousei The Animation,750
16662,Kaze Tachinu,35
16668,Kakumeiki Valvrave,41
16706,Kami nomi zo Shiru Sekai: Megami-hen,518
16732,Kiniro Mosaic,6
16742,Watashi ga Motenai no wa Dou Kangaetemo Omaera ga Warui!,367
16762,Mirai Nikki Redial,132
16782,Kotonoha no Niwa,660
16870,The Last: Naruto the Movie,90
16894,Kuroko no Basket 2nd Season,1646
16904,K: Missing Kings,3
16916,Kuroko no Basket: Tip Off,41
16918,Gin no Saji,51
16934,Chuunibyou demo Koi ga Shitai!: Kirameki no... Slapstick Noel,27
17074,Monogatari Series: Second Season,1155
17247,Machine-Doll wa Kizutsukanai,107
17265,Log Horizon,2362
17513,Diabolik Lovers,6
17549,Non Non Biyori,95
17641,Date A Live: Date to Date,19
17729,Grisaia no Kajitsu,214
17777,"Saikin, Imouto no Yousu ga Chotto Okashiinda ga.",2
17895,Golden Time,807
17909,Uchouten Kazoku,1
18001,Freezing Vibration,1
18095,Nourin,1
18115,Magi: The Kingdom of Magic,1001
18119,Servant x Service,12
18139,Tonari no Seki-kun,6
18153,Kyoukai no Kanata,1409
18179,Yowamushi Pedal,43
18195,Little Busters!: Refrain,4
18229,Gatchaman Crowds,7
18245,White Album 2,1
18247,IS: Infinite Stratos 2,127
18277,Strike the Blood,362
18295,Kakumeiki Valvrave 2nd Season,8
18393,Fairy Tail x Rave,3
18397,Shingeki no Kyojin OVA,6
18441,Blood Lad: Wagahai wa Neko de wa Nai,1
18507,Free!,1562
18671,Chuunibyou demo Koi ga Shitai! Ren,530
18677,Yuusha ni Narenakatta Ore wa Shibushibu Shuushoku wo Ketsui Shimashita.,28
18679,Kill la Kill,4267
18689,Diamond no Ace,8
18753,Yahari Ore no Seishun Love Comedy wa Machigatteiru. OVA,20
18857,Ore no Imouto ga Konnani Kawaii Wake ga Nai. Specials,7
18893,Aoki Hagane no Arpeggio: Ars Nova,4
18897,Nisekoi,1434
19111,Love Live! School Idol Project 2nd Season,28
19123,One Piece: Episode of Merry - Mou Hitori no Nakama no Monogatari,1
19163,Date A Live II,384
19221,"Ore no Nounai Sentakushi ga, Gakuen Love Comedy wo Zenryoku de Jama Shiteiru",368
19285,Shingeki no Kyojin: Ano Hi Kara,2
19363,Gin no Saji 2nd Season,21
19369,Outbreak Company,85
19429,Akuma no Riddle,9
19647,Hajime no Ippo: Rising,100
19685,Kanojo ga Flag wo Oraretara,3
19769,Mahou Sensou,1
19775,Sidonia no Kishi,20
19815,No Game No Life,5863
20021,Sword Art Online: Extra Edition,71
20031,D-Frag!,136
20047,Sakura Trick,15
20057,Space☆Dandy,8
20159,Pokemon: The Origin,120
20457,"Inari, Konkon, Koi Iroha.",1
20507,Noragami,3563
20509,Fate/kaleid liner Prisma☆Illya 2wei!,3
20541,Mikakunin de Shinkoukei,80
20583,Haikyuu!!,1764
20689,Hamatora The Animation,21
20767,Noragami OVA,10
20785,Mahouka Koukou no Rettousei,685
20787,Black Bullet,1166
20847,Seitokai Yakuindomo*,19
20853,Hitsugi no Chaika,133
20899,JoJo no Kimyou na Bouken: Stardust Crusaders,113
21033,Seikoku no Dragonar,1
21085,Witch Craft Works,21
21105,Love Stage!!,103
21273,Gochuumon wa Usagi Desu ka?,10
21327,Isshuukan Friends.,90
21329,Mushishi Special: Hihamukage,4
21339,Psycho-Pass Movie,1
21353,Tokyo ESP,2
21405,Bokura wa Minna Kawaisou,281
21431,Gokukoku no Brynhildr,88
21507,Soul Eater NOT!,2
21561,Ryuugajou Nanana no Maizoukin (TV),21
21603,Mekakucity Actors,62
21659,Kill la Kill Special,7
21843,Shingeki no Bahamut: Genesis,21
21855,Hanamonogatari,486
21863,Mangaka-san to Assistant-san to The Animation,31
21881,Sword Art Online II,4596
21939,Mushishi Zoku Shou,62
21995,Ao Haru Ride,815
22043,Fairy Tail (2014),8
22101,Soredemo Sekai wa Utsukushii,8
22135,Ping Pong The Animation,1
22145,Kuroshitsuji: Book of Circus,363
22147,Amagi Brilliant Park,345
22199,Akame ga Kill!,3338
22265,Free!: Eternal Summer,475
22273,Selector Infected WIXOSS,1
22297,Fate/stay night: Unlimited Blade Works,1944
22319,Tokyo Ghoul,4254
22535,Kiseijuu: Sei no Kakuritsu,3937
22663,Seiken Tsukai no World Break,22
22729,Aldnoah.Zero,490
22789,Barakamon,622
22865,Rokujouma no Shinryakusha!? (TV),7
22877,Seirei Tsukai no Blade Dance,52
23199,Durarara!!x2 Shou,346
23233,Shinmai Maou no Testament,135
23251,Gugure! Kokkuri-san,3
23273,Shigatsu wa Kimi no Uso,2075
23277,Saenai Heroine no Sodatekata,97
23281,Psycho-Pass 2,352
23283,Zankyou no Terror,2629
23289,Gekkan Shoujo Nozaki-kun,1282
23321,Log Horizon 2nd Season,177
23421,Re:␣Hamatora,1
23623,Non Non Biyori Repeat,4
23673,Ookami Shoujo to Kuro Ouji,197
23755,Nanatsu no Taizai,1474
23847,Yahari Ore no Seishun Love Comedy wa Machigatteiru. Zoku,596
24133,Taimadou Gakuen 35 Shiken Shoutai,6
24227,Nisekoi OVA,1
24231,Hitsugi no Chaika: Avenging Battle,8
24415,Kuroko no Basket 3rd Season,1190
24439,Kekkai Sensen,82
24455,Madan no Ou to Vanadis,45
24701,Mushishi Zoku Shou 2nd Season,3
24703,High School DxD BorN,295
24765,Gakkougurashi!,23
24833,Ansatsu Kyoushitsu (TV),446
25013,Akatsuki no Yona,177
25157,Trinity Seven,305
25159,Inou-Battle wa Nichijou-kei no Naka de,70
25161,One Piece 3D2Y: Ace no shi wo Koete! Luffy Nakama Tono Chikai,19
25183,Gangsta.,130
25389,Dragon Ball Z Movie 15: Fukkatsu no F,17
25397,Absolute Duo,74
25681,Kamisama Hajimemashita◎,27
25731,Cross Ange: Tenshi to Ryuu no Rondo,1
25781,Shingeki no Kyojin: Kuinaki Sentaku,2
25835,Shirobako,19
25879,Working!!!,14
26055,JoJo no Kimyou na Bouken: Stardust Crusaders 2nd Season,39
26243,Owari no Seraph,656
26349,Danna ga Nani wo Itteiru ka Wakaranai Ken,65
26441,Junketsu no Maria,1
27631,God Eater,45
27655,Aldnoah.Zero 2nd Season,60
27775,Plastic Memories,168
27787,Nisekoi:,158
27821,Fate/stay night: Unlimited Blade Works - Prologue,695
27831,Durarara!!x2 Ten,53
27833,Durarara!!x2 Ketsu,10
27899,Tokyo Ghoul √A,2783
27989,Hibike! Euphonium,48
27991,K: Return of Kings,4
28025,Tsukimonogatari,354
28121,Dungeon ni Deai wo Motomeru no wa Machigatteiru Darou ka,1120
28171,Shokugeki no Souma,1373
28223,Death Parade,2714
28249,Arslan Senki (TV),20
28297,Ore Monogatari!!,99
28497,Rokka no Yuusha,392
28617,Punch Line,1
28623,Koutetsujou no Kabaneri,263
28677,Yamada-kun to 7-nin no Majo (TV),245
28701,Fate/stay night: Unlimited Blade Works 2nd Season,1472
28755,Boruto: Naruto the Movie,11
28805,Bakemono no Ko,1
28819,Okusama ga Seitokaichou!,3
28825,Himouto! Umaru-chan,42
28891,Haikyuu!! Second Season,680
28907,"Gate: Jieitai Kanochi nite, Kaku Tatakaeri",581
28927,Owari no Seraph: Nagoya Kessen-hen,160
28977,Gintama°,41
28999,Charlotte,734
29067,Danna ga Nani wo Itteiru ka Wakaranai Ken 2 Sure-me,5
29093,Grisaia no Meikyuu: Caprice no Mayu 0,28
29095,Grisaia no Rakuen,86
29317,Saenai Heroine no Sodatekata: Ai to Seishun no Service Kai,1
29785,Jitsu wa Watashi wa,3
29786,Shimoneta to Iu Gainen ga Sonzai Shinai Taikutsu na Sekai,105
29803,Overlord,671
29854,Ushio to Tora (TV),1
30015,ReLIFE,224
30123,Akagami no Shirayuki-hime,21
30187,Sakurako-san no Ashimoto ni wa Shitai ga Umatteiru,8
30240,Prison School,317
30276,One Punch Man,3049
30296,Rakudai Kishi no Cavalry,163
30307,Monster Musume no Iru Nichijou,90
30503,Noragami Aragoto,847
30544,Gakusen Toshi Asterisk,60
30654,Ansatsu Kyoushitsu (TV) 2nd Season,48
30831,Kono Subarashii Sekai ni Shukufuku wo!,415
31043,Boku dake ga Inai Machi,1661
31163,Dimension W,17
31173,Akagami no Shirayuki-hime 2nd Season,3
31181,Owarimonogatari,156
31240,Re:Zero kara Hajimeru Isekai Seikatsu,987
31376,Flying Witch,4
31404,Netoge no Yome wa Onnanoko ja Nai to Omotta?,12
31442,Musaigen no Phantom World,26
31478,Bungou Stray Dogs,27
31580,Ajin,8
31636,Dagashi Kashi,5
31637,"Gate: Jieitai Kanochi nite, Kaku Tatakaeri 2nd Season",240
31704,One Punch Man: Road to Hero,9
31737,Gakusen Toshi Asterisk 2nd Season,4
31798,Kiznaiver,68
31859,Hai to Gensou no Grimgar,292
31953,New Game!,4
31964,Boku no Hero Academia,842
32093,Tanaka-kun wa Itsumo Kedaruge,2
32182,Mob Psycho 100,183
32282,Shokugeki no Souma: Ni no Sara,183
32542,Sakamoto desu ga?,9
32729,Orange,5
